{"extensionType":"field_faas","i18nMap":{"zh-CN":{"attachments":"选择图片字段（默认取第一张）","resolution":"分辨率","size":"大小","modifiedDate":"修改日期","name":"图片名"},"en-US":{"attachments":"Select Image Field (default to the first one)","resolution":"Resolution","size":"Size","modifiedDate":"Modified Date","name":"Image Name"},"ja-JP":{"attachments":"画像フィールドを選択（デフォルトで最初の画像）","resolution":"解像度","size":"サイズ","modifiedDate":"変更日時","name":"画像名"}},"fields":[{"fieldType":25,"uiSchema":{"fieldsConfigEditor":{"component":"OpenFieldMetaEditor","props":{"schema":{"items":[{"key":"attachments","label":"${{attachments}}","component":"FieldSelect","props":{"supportType":[17]},"validator":{"required":true}}]}}}},"presetFieldConfig":{"fieldProperty":{"propertyType":25,"icon":{"light":"https://lf3-static.bytednsdoc.com/obj/eden-cn/eqgeh7upeubqnulog/chatbot.svg"},"properties":[{"key":"id","title":"id","hidden":true,"propertyType":1},{"key":"name","title":"${{name}}","propertyType":1},{"key":"primaryProperty","title":"${{resolution}}","propertyType":1},{"key":"size","title":"${{size}}","propertyType":1},{"key":"modifiedDate","title":"${{modifiedDate}}","propertyType":1}]},"externalEditorConfig":{}}}]}